{
  "id": "2488637",
  "name": "XMi",
  "font_family": "iconfont",
  "css_prefix_text": "icon-",
  "description": "",
  "glyphs": [
    {
      "icon_id": "1929165",
      "name": "消息",
      "font_class": "xiaoxi",
      "unicode": "e626",
      "unicode_decimal": 58918
    },
    {
      "icon_id": "592805",
      "name": "15",
      "font_class": "15",
      "unicode": "e639",
      "unicode_decimal": 58937
    },
    {
      "icon_id": "4294074",
      "name": "设置",
      "font_class": "shezhi",
      "unicode": "e786",
      "unicode_decimal": 59270
    },
    {
      "icon_id": "8288834",
      "name": "定位",
      "font_class": "dingwei",
      "unicode": "e847",
      "unicode_decimal": 59463
    },
    {
      "icon_id": "14966524",
      "name": "7天退换货",
      "font_class": "7tiantuihuanhuo",
      "unicode": "e61f",
      "unicode_decimal": 58911
    },
    {
      "icon_id": "19691494",
      "name": "礼物",
      "font_class": "gift",
      "unicode": "eb8f",
      "unicode_decimal": 60303
    },
    {
      "icon_id": "2154213",
      "name": "播放数_32",
      "font_class": "bofangshu",
      "unicode": "e665",
      "unicode_decimal": 58981
    },
    {
      "icon_id": "20797391",
      "name": "下一个",
      "font_class": "xiayige",
      "unicode": "e6ca",
      "unicode_decimal": 59082
    },
    {
      "icon_id": "577404",
      "name": "向右3-fill",
      "font_class": "xiangyou3fill",
      "unicode": "e777",
      "unicode_decimal": 59255
    },
    {
      "icon_id": "13326843",
      "name": "下一个",
      "font_class": "iconku_Artboard",
      "unicode": "e613",
      "unicode_decimal": 58899
    },
    {
      "icon_id": "13326845",
      "name": "返回&前一个&收起",
      "font_class": "iconku-",
      "unicode": "e614",
      "unicode_decimal": 58900
    },
    {
      "icon_id": "10025419",
      "name": "下一个",
      "font_class": "next01",
      "unicode": "e738",
      "unicode_decimal": 59192
    },
    {
      "icon_id": "4770728",
      "name": "放大镜",
      "font_class": "fangdajing",
      "unicode": "e637",
      "unicode_decimal": 58935
    },
    {
      "icon_id": "7550233",
      "name": "购物车",
      "font_class": "gouwuche",
      "unicode": "e690",
      "unicode_decimal": 59024
    }
  ]
}
